"Time","Empatica.mean"
2021-09-02 15:30:00,
2021-09-02 15:45:00,
2021-09-02 16:00:00,
2021-09-02 16:15:00,
2021-09-02 16:30:00,81.7
2021-09-02 16:45:00,84.0
2021-09-02 17:00:00,77.9
2021-09-02 17:15:00,84.2
2021-09-02 17:30:00,93.3
2021-09-02 17:45:00,90.5
2021-09-02 18:00:00,86.1
2021-09-02 18:15:00,77.3
2021-09-02 18:30:00,81.6
2021-09-02 18:45:00,76.6
2021-09-02 19:00:00,86.6
2021-09-02 19:15:00,83.1
2021-09-02 19:30:00,81.1
2021-09-02 19:45:00,84.4
2021-09-02 20:00:00,85.8
2021-09-02 20:15:00,85.6
2021-09-02 20:30:00,87.1
2021-09-02 20:45:00,
2021-09-02 21:00:00,
2021-09-02 21:15:00,
2021-09-02 21:30:00,
2021-09-02 21:45:00,
2021-09-02 22:00:00,
2021-09-02 22:15:00,
2021-09-02 22:30:00,
2021-09-02 22:45:00,
2021-09-02 23:00:00,
2021-09-02 23:15:00,
2021-09-02 23:30:00,
2021-09-02 23:45:00,
2021-09-03 00:00:00,
2021-09-03 00:15:00,
2021-09-03 00:30:00,
2021-09-03 00:45:00,
2021-09-03 01:00:00,
2021-09-03 01:15:00,
2021-09-03 01:30:00,
2021-09-03 01:45:00,
2021-09-03 02:00:00,
2021-09-03 02:15:00,
2021-09-03 02:30:00,
2021-09-03 02:45:00,
2021-09-03 03:00:00,
2021-09-03 03:15:00,
2021-09-03 03:30:00,
2021-09-03 03:45:00,
2021-09-03 04:00:00,
2021-09-03 04:15:00,
2021-09-03 04:30:00,
2021-09-03 04:45:00,
2021-09-03 05:00:00,
2021-09-03 05:15:00,
2021-09-03 05:30:00,
2021-09-03 05:45:00,
2021-09-03 06:00:00,
2021-09-03 06:15:00,
2021-09-03 06:30:00,
2021-09-03 06:45:00,
2021-09-03 07:00:00,
2021-09-03 07:15:00,
2021-09-03 07:30:00,
2021-09-03 07:45:00,
2021-09-03 08:00:00,
2021-09-03 08:15:00,
2021-09-03 08:30:00,
2021-09-03 08:45:00,
2021-09-03 09:00:00,
2021-09-03 09:15:00,
2021-09-03 09:30:00,
2021-09-03 09:45:00,
2021-09-03 10:00:00,
2021-09-03 10:15:00,
2021-09-03 10:30:00,
2021-09-03 10:45:00,
2021-09-03 11:00:00,
2021-09-03 11:15:00,
2021-09-03 11:30:00,
2021-09-03 11:45:00,
2021-09-03 12:00:00,
2021-09-03 12:15:00,
2021-09-03 12:30:00,
2021-09-03 12:45:00,
2021-09-03 13:00:00,
2021-09-03 13:15:00,
2021-09-03 13:30:00,
2021-09-03 13:45:00,
2021-09-03 14:00:00,
2021-09-03 14:15:00,
2021-09-03 14:30:00,
2021-09-03 14:45:00,
2021-09-03 15:00:00,
2021-09-03 15:15:00,
2021-09-03 15:30:00,
2021-09-03 15:45:00,
2021-09-03 16:00:00,
2021-09-03 16:15:00,99.1
2021-09-03 16:30:00,81.3
2021-09-03 16:45:00,83.8
2021-09-03 17:00:00,78.8
2021-09-03 17:15:00,78.4
2021-09-03 17:30:00,84.4
2021-09-03 17:45:00,84.8
2021-09-03 18:00:00,97.9
2021-09-03 18:15:00,95.6
2021-09-03 18:30:00,92.0
2021-09-03 18:45:00,90.9
2021-09-03 19:00:00,82.1
2021-09-03 19:15:00,91.5
2021-09-03 19:30:00,97.7
2021-09-03 19:45:00,94.0
2021-09-03 20:00:00,86.1
2021-09-03 20:15:00,76.1
2021-09-03 20:30:00,88.0
2021-09-03 20:45:00,78.1
2021-09-03 21:00:00,86.4
2021-09-03 21:15:00,80.1
2021-09-03 21:30:00,92.8
2021-09-03 21:45:00,94.7
2021-09-03 22:00:00,85.8
2021-09-03 22:15:00,87.8
2021-09-03 22:30:00,82.4
2021-09-03 22:45:00,89.7
2021-09-03 23:00:00,93.0
2021-09-03 23:15:00,86.3
2021-09-03 23:30:00,83.6
2021-09-03 23:45:00,90.3
2021-09-04 00:00:00,92.2
2021-09-04 00:15:00,91.8
2021-09-04 00:30:00,86.9
2021-09-04 00:45:00,92.8
2021-09-04 01:00:00,93.4
2021-09-04 01:15:00,87.1
2021-09-04 01:30:00,87.7
2021-09-04 01:45:00,85.4
2021-09-04 02:00:00,84.2
2021-09-04 02:15:00,83.1
2021-09-04 02:30:00,81.9
2021-09-04 02:45:00,83.0
2021-09-04 03:00:00,78.4
2021-09-04 03:15:00,82.1
2021-09-04 03:30:00,76.0
2021-09-04 03:45:00,75.4
2021-09-04 04:00:00,82.8
2021-09-04 04:15:00,73.8
2021-09-04 04:30:00,81.5
2021-09-04 04:45:00,84.0
2021-09-04 05:00:00,88.0
2021-09-04 05:15:00,83.9
2021-09-04 05:30:00,89.0
2021-09-04 05:45:00,91.3
2021-09-04 06:00:00,86.9
2021-09-04 06:15:00,85.4
2021-09-04 06:30:00,84.2
2021-09-04 06:45:00,83.9
2021-09-04 07:00:00,83.4
2021-09-04 07:15:00,78.5
2021-09-04 07:30:00,74.9
2021-09-04 07:45:00,84.1
2021-09-04 08:00:00,83.0
2021-09-04 08:15:00,80.5
2021-09-04 08:30:00,79.5
2021-09-04 08:45:00,79.7
2021-09-04 09:00:00,79.1
2021-09-04 09:15:00,78.0
2021-09-04 09:30:00,74.7
2021-09-04 09:45:00,74.8
2021-09-04 10:00:00,75.0
2021-09-04 10:15:00,73.9
2021-09-04 10:30:00,76.0
2021-09-04 10:45:00,76.8
2021-09-04 11:00:00,75.0
2021-09-04 11:15:00,72.3
2021-09-04 11:30:00,70.4
2021-09-04 11:45:00,71.3
2021-09-04 12:00:00,71.5
2021-09-04 12:15:00,68.8
2021-09-04 12:30:00,71.6
2021-09-04 12:45:00,72.1
2021-09-04 13:00:00,72.6
2021-09-04 13:15:00,72.4
2021-09-04 13:30:00,68.5
2021-09-04 13:45:00,68.3
2021-09-04 14:00:00,69.5
2021-09-04 14:15:00,72.9
2021-09-04 14:30:00,74.6
2021-09-04 14:45:00,72.8
2021-09-04 15:00:00,68.5
2021-09-04 15:15:00,68.0
2021-09-04 15:30:00,70.6
2021-09-04 15:45:00,72.6
2021-09-04 16:00:00,74.8
2021-09-04 16:15:00,79.2
2021-09-04 16:30:00,85.5
2021-09-04 16:45:00,78.3
2021-09-04 17:00:00,84.1
2021-09-04 17:15:00,77.8
2021-09-04 17:30:00,79.4
2021-09-04 17:45:00,81.1
2021-09-04 18:00:00,78.2
2021-09-04 18:15:00,84.9
2021-09-04 18:30:00,
2021-09-04 18:45:00,
2021-09-04 19:00:00,
2021-09-04 19:15:00,81.4
2021-09-04 19:30:00,75.1
2021-09-04 19:45:00,75.4
2021-09-04 20:00:00,75.6
2021-09-04 20:15:00,78.6
2021-09-04 20:30:00,86.9
2021-09-04 20:45:00,87.3
2021-09-04 21:00:00,88.5
2021-09-04 21:15:00,83.4
2021-09-04 21:30:00,81.5
2021-09-04 21:45:00,84.5
2021-09-04 22:00:00,93.2
2021-09-04 22:15:00,84.4
2021-09-04 22:30:00,95.2
2021-09-04 22:45:00,87.7
2021-09-04 23:00:00,93.6
2021-09-04 23:15:00,90.0
2021-09-04 23:30:00,79.7
2021-09-04 23:45:00,80.6
2021-09-05 00:00:00,73.9
2021-09-05 00:15:00,83.7
2021-09-05 00:30:00,77.7
2021-09-05 00:45:00,72.8
2021-09-05 01:00:00,74.5
2021-09-05 01:15:00,76.2
2021-09-05 01:30:00,79.4
2021-09-05 01:45:00,76.6
2021-09-05 02:00:00,76.0
2021-09-05 02:15:00,79.2
2021-09-05 02:30:00,79.1
2021-09-05 02:45:00,80.0
2021-09-05 03:00:00,80.5
2021-09-05 03:15:00,79.3
2021-09-05 03:30:00,75.7
2021-09-05 03:45:00,79.2
2021-09-05 04:00:00,84.9
2021-09-05 04:15:00,81.7
2021-09-05 04:30:00,85.0
2021-09-05 04:45:00,84.0
2021-09-05 05:00:00,78.1
2021-09-05 05:15:00,85.3
2021-09-05 05:30:00,78.0
2021-09-05 05:45:00,75.7
2021-09-05 06:00:00,82.5
2021-09-05 06:15:00,81.1
2021-09-05 06:30:00,81.3
2021-09-05 06:45:00,81.1
2021-09-05 07:00:00,81.1
2021-09-05 07:15:00,82.2
2021-09-05 07:30:00,81.9
2021-09-05 07:45:00,75.7
2021-09-05 08:00:00,74.9
2021-09-05 08:15:00,73.7
2021-09-05 08:30:00,75.5
2021-09-05 08:45:00,71.1
2021-09-05 09:00:00,72.9
2021-09-05 09:15:00,72.9
2021-09-05 09:30:00,72.1
2021-09-05 09:45:00,71.0
2021-09-05 10:00:00,70.4
2021-09-05 10:15:00,66.9
2021-09-05 10:30:00,67.2
2021-09-05 10:45:00,67.6
2021-09-05 11:00:00,69.6
2021-09-05 11:15:00,71.2
2021-09-05 11:30:00,70.7
2021-09-05 11:45:00,77.1
2021-09-05 12:00:00,67.2
2021-09-05 12:15:00,71.6
2021-09-05 12:30:00,73.5
2021-09-05 12:45:00,74.6
2021-09-05 13:00:00,74.8
2021-09-05 13:15:00,74.9
2021-09-05 13:30:00,73.3
2021-09-05 13:45:00,71.4
2021-09-05 14:00:00,72.6
2021-09-05 14:15:00,68.8
2021-09-05 14:30:00,71.7
2021-09-05 14:45:00,72.5
2021-09-05 15:00:00,77.7
2021-09-05 15:15:00,79.0
2021-09-05 15:30:00,79.2
2021-09-05 15:45:00,77.5
2021-09-05 16:00:00,72.8
2021-09-05 16:15:00,78.7
2021-09-05 16:30:00,82.6
2021-09-05 16:45:00,80.3
2021-09-05 17:00:00,78.2
2021-09-05 17:15:00,77.4
2021-09-05 17:30:00,76.3
2021-09-05 17:45:00,89.2
2021-09-05 18:00:00,
2021-09-05 18:15:00,
2021-09-05 18:30:00,
2021-09-05 18:45:00,
2021-09-05 19:00:00,
2021-09-05 19:15:00,
2021-09-05 19:30:00,82.8
2021-09-05 19:45:00,85.1
2021-09-05 20:00:00,82.6
2021-09-05 20:15:00,65.9
2021-09-05 20:30:00,65.4
2021-09-05 20:45:00,76.9
2021-09-05 21:00:00,79.7
2021-09-05 21:15:00,82.8
2021-09-05 21:30:00,85.2
2021-09-05 21:45:00,83.8
2021-09-05 22:00:00,80.0
2021-09-05 22:15:00,76.5
2021-09-05 22:30:00,86.8
2021-09-05 22:45:00,97.8
2021-09-05 23:00:00,94.5
2021-09-05 23:15:00,94.6
2021-09-05 23:30:00,84.8
2021-09-05 23:45:00,98.4
2021-09-06 00:00:00,80.9
2021-09-06 00:15:00,84.9
2021-09-06 00:30:00,71.0
2021-09-06 00:45:00,77.7
2021-09-06 01:00:00,84.9
2021-09-06 01:15:00,103
2021-09-06 01:30:00,109
2021-09-06 01:45:00,78.2
2021-09-06 02:00:00,77.8
2021-09-06 02:15:00,77.7
2021-09-06 02:30:00,77.1
2021-09-06 02:45:00,80.7
2021-09-06 03:00:00,80.6
2021-09-06 03:15:00,80.9
2021-09-06 03:30:00,81.6
2021-09-06 03:45:00,85.4
2021-09-06 04:00:00,86.4
2021-09-06 04:15:00,79.2
2021-09-06 04:30:00,79.9
2021-09-06 04:45:00,75.5
2021-09-06 05:00:00,86.9
2021-09-06 05:15:00,85.3
2021-09-06 05:30:00,94.9
2021-09-06 05:45:00,85.7
2021-09-06 06:00:00,76.8
2021-09-06 06:15:00,78.6
2021-09-06 06:30:00,81.2
2021-09-06 06:45:00,79.8
2021-09-06 07:00:00,78.0
2021-09-06 07:15:00,77.1
2021-09-06 07:30:00,76.3
2021-09-06 07:45:00,77.9
2021-09-06 08:00:00,77.5
2021-09-06 08:15:00,79.2
2021-09-06 08:30:00,76.5
2021-09-06 08:45:00,78.9
2021-09-06 09:00:00,76.1
2021-09-06 09:15:00,76.8
2021-09-06 09:30:00,76.3
2021-09-06 09:45:00,74.6
2021-09-06 10:00:00,74.8
2021-09-06 10:15:00,73.8
2021-09-06 10:30:00,72.5
2021-09-06 10:45:00,74.5
2021-09-06 11:00:00,73.2
2021-09-06 11:15:00,71.6
2021-09-06 11:30:00,70.7
2021-09-06 11:45:00,71.6
2021-09-06 12:00:00,71.0
2021-09-06 12:15:00,71.7
2021-09-06 12:30:00,69.5
2021-09-06 12:45:00,69.1
2021-09-06 13:00:00,69.8
2021-09-06 13:15:00,70.6
2021-09-06 13:30:00,71.4
2021-09-06 13:45:00,72.3
2021-09-06 14:00:00,73.8
2021-09-06 14:15:00,71.5
2021-09-06 14:30:00,72.1
2021-09-06 14:45:00,74.1
2021-09-06 15:00:00,73.0
2021-09-06 15:15:00,72.9
2021-09-06 15:30:00,70.3
2021-09-06 15:45:00,74.0
2021-09-06 16:00:00,
2021-09-06 16:15:00,
2021-09-06 16:30:00,
2021-09-06 16:45:00,
2021-09-06 17:00:00,77.7
2021-09-06 17:15:00,75.0
2021-09-06 17:30:00,76.6
2021-09-06 17:45:00,92.2
2021-09-06 18:00:00,79.7
2021-09-06 18:15:00,72.1
2021-09-06 18:30:00,78.9
2021-09-06 18:45:00,93.3
2021-09-06 19:00:00,82.7
2021-09-06 19:15:00,93.0
2021-09-06 19:30:00,91.8
2021-09-06 19:45:00,87.0
2021-09-06 20:00:00,85.1
2021-09-06 20:15:00,86.2
2021-09-06 20:30:00,82.2
2021-09-06 20:45:00,80.1
2021-09-06 21:00:00,87.8
2021-09-06 21:15:00,84.4
2021-09-06 21:30:00,79.7
2021-09-06 21:45:00,84.1
2021-09-06 22:00:00,86.7
2021-09-06 22:15:00,87.2
2021-09-06 22:30:00,89.8
2021-09-06 22:45:00,86.4
2021-09-06 23:00:00,84.4
2021-09-06 23:15:00,101
2021-09-06 23:30:00,98.6
2021-09-06 23:45:00,90.2
2021-09-07 00:00:00,85.6
2021-09-07 00:15:00,94.6
2021-09-07 00:30:00,86.7
2021-09-07 00:45:00,80.6
2021-09-07 01:00:00,75.9
2021-09-07 01:15:00,91.3
2021-09-07 01:30:00,87.4
2021-09-07 01:45:00,87.2
2021-09-07 02:00:00,83.7
2021-09-07 02:15:00,71.6
2021-09-07 02:30:00,72.0
2021-09-07 02:45:00,87.8
2021-09-07 03:00:00,90.9
2021-09-07 03:15:00,102
2021-09-07 03:30:00,79.7
2021-09-07 03:45:00,80.7
2021-09-07 04:00:00,76.2
2021-09-07 04:15:00,80.7
2021-09-07 04:30:00,79.5
2021-09-07 04:45:00,78.3
2021-09-07 05:00:00,77.0
2021-09-07 05:15:00,82.7
2021-09-07 05:30:00,82.0
2021-09-07 05:45:00,96.5
2021-09-07 06:00:00,90.0
2021-09-07 06:15:00,78.3
2021-09-07 06:30:00,86.0
2021-09-07 06:45:00,78.3
2021-09-07 07:00:00,79.0
2021-09-07 07:15:00,76.8
2021-09-07 07:30:00,77.8
2021-09-07 07:45:00,78.2
2021-09-07 08:00:00,78.8
2021-09-07 08:15:00,80.2
2021-09-07 08:30:00,76.8
2021-09-07 08:45:00,77.9
2021-09-07 09:00:00,75.8
2021-09-07 09:15:00,73.3
2021-09-07 09:30:00,84.0
2021-09-07 09:45:00,75.9
2021-09-07 10:00:00,75.1
2021-09-07 10:15:00,75.7
2021-09-07 10:30:00,72.3
2021-09-07 10:45:00,71.9
2021-09-07 11:00:00,71.5
2021-09-07 11:15:00,72.5
2021-09-07 11:30:00,68.4
2021-09-07 11:45:00,67.6
2021-09-07 12:00:00,66.0
2021-09-07 12:15:00,63.5
2021-09-07 12:30:00,64.9
2021-09-07 12:45:00,65.6
2021-09-07 13:00:00,67.0
2021-09-07 13:15:00,68.3
2021-09-07 13:30:00,68.7
2021-09-07 13:45:00,69.4
2021-09-07 14:00:00,67.9
2021-09-07 14:15:00,69.4
2021-09-07 14:30:00,68.6
2021-09-07 14:45:00,64.4
2021-09-07 15:00:00,66.0
2021-09-07 15:15:00,67.2
2021-09-07 15:30:00,66.7
2021-09-07 15:45:00,85.2
2021-09-07 16:00:00,88.7
2021-09-07 16:15:00,92.3
2021-09-07 16:30:00,90.1
2021-09-07 16:45:00,
2021-09-07 17:00:00,
2021-09-07 17:15:00,
2021-09-07 17:30:00,
2021-09-07 17:45:00,87.1
2021-09-07 18:00:00,81.5
2021-09-07 18:15:00,78.7
2021-09-07 18:30:00,80.5
2021-09-07 18:45:00,78.5
2021-09-07 19:00:00,77.7
2021-09-07 19:15:00,84.3
2021-09-07 19:30:00,87.9
2021-09-07 19:45:00,82.3
2021-09-07 20:00:00,86.8
2021-09-07 20:15:00,83.2
2021-09-07 20:30:00,87.5
2021-09-07 20:45:00,81.6
2021-09-07 21:00:00,84.9
2021-09-07 21:15:00,77.0
2021-09-07 21:30:00,81.0
2021-09-07 21:45:00,81.5
2021-09-07 22:00:00,83.3
2021-09-07 22:15:00,85.8
2021-09-07 22:30:00,81.9
2021-09-07 22:45:00,83.7
2021-09-07 23:00:00,87.8
2021-09-07 23:15:00,82.6
2021-09-07 23:30:00,78.4
2021-09-07 23:45:00,94.6
2021-09-08 00:00:00,93.6
2021-09-08 00:15:00,83.3
2021-09-08 00:30:00,76.9
2021-09-08 00:45:00,78.4
2021-09-08 01:00:00,81.8
2021-09-08 01:15:00,108
2021-09-08 01:30:00,79.8
2021-09-08 01:45:00,79.0
2021-09-08 02:00:00,75.8
2021-09-08 02:15:00,75.4
2021-09-08 02:30:00,81.2
2021-09-08 02:45:00,76.6
2021-09-08 03:00:00,76.0
2021-09-08 03:15:00,111
2021-09-08 03:30:00,83.2
2021-09-08 03:45:00,87.8
2021-09-08 04:00:00,92.9
2021-09-08 04:15:00,88.2
2021-09-08 04:30:00,106
2021-09-08 04:45:00,85.9
2021-09-08 05:00:00,80.8
2021-09-08 05:15:00,83.5
2021-09-08 05:30:00,95.5
2021-09-08 05:45:00,82.9
2021-09-08 06:00:00,81.6
2021-09-08 06:15:00,79.7
2021-09-08 06:30:00,76.9
2021-09-08 06:45:00,80.1
2021-09-08 07:00:00,77.4
2021-09-08 07:15:00,81.1
2021-09-08 07:30:00,76.4
2021-09-08 07:45:00,74.4
2021-09-08 08:00:00,73.1
2021-09-08 08:15:00,72.7
2021-09-08 08:30:00,72.4
2021-09-08 08:45:00,73.5
2021-09-08 09:00:00,75.1
2021-09-08 09:15:00,74.6
2021-09-08 09:30:00,78.7
2021-09-08 09:45:00,70.0
2021-09-08 10:00:00,70.5
2021-09-08 10:15:00,70.2
2021-09-08 10:30:00,70.3
2021-09-08 10:45:00,70.2
2021-09-08 11:00:00,71.6
2021-09-08 11:15:00,73.1
2021-09-08 11:30:00,69.2
2021-09-08 11:45:00,69.6
2021-09-08 12:00:00,64.7
2021-09-08 12:15:00,66.3
2021-09-08 12:30:00,67.8
2021-09-08 12:45:00,68.0
2021-09-08 13:00:00,68.4
2021-09-08 13:15:00,69.7
2021-09-08 13:30:00,69.4
2021-09-08 13:45:00,71.6
2021-09-08 14:00:00,69.0
2021-09-08 14:15:00,67.1
2021-09-08 14:30:00,68.2
2021-09-08 14:45:00,69.5
2021-09-08 15:00:00,75.2
2021-09-08 15:15:00,89.7
2021-09-08 15:30:00,
2021-09-08 15:45:00,
2021-09-08 16:00:00,
2021-09-08 16:15:00,
2021-09-08 16:30:00,
2021-09-08 16:45:00,94.0
2021-09-08 17:00:00,86.2
2021-09-08 17:15:00,85.6
2021-09-08 17:30:00,80.6
2021-09-08 17:45:00,90.0
2021-09-08 18:00:00,88.7
2021-09-08 18:15:00,74.5
2021-09-08 18:30:00,78.4
2021-09-08 18:45:00,84.2
2021-09-08 19:00:00,77.9
2021-09-08 19:15:00,82.2
2021-09-08 19:30:00,84.4
2021-09-08 19:45:00,104
2021-09-08 20:00:00,88.2
2021-09-08 20:15:00,82.7
2021-09-08 20:30:00,83.8
2021-09-08 20:45:00,93.5
2021-09-08 21:00:00,99.3
2021-09-08 21:15:00,83.2
2021-09-08 21:30:00,87.3
2021-09-08 21:45:00,82.3
2021-09-08 22:00:00,84.0
2021-09-08 22:15:00,97.3
2021-09-08 22:30:00,80.6
2021-09-08 22:45:00,77.5
2021-09-08 23:00:00,84.1
2021-09-08 23:15:00,69.3
2021-09-08 23:30:00,80.7
2021-09-08 23:45:00,103
2021-09-09 00:00:00,86.7
2021-09-09 00:15:00,87.5
2021-09-09 00:30:00,93.3
2021-09-09 00:45:00,79.8
2021-09-09 01:00:00,84.4
2021-09-09 01:15:00,98.9
2021-09-09 01:30:00,81.9
2021-09-09 01:45:00,79.0
2021-09-09 02:00:00,83.0
2021-09-09 02:15:00,81.6
2021-09-09 02:30:00,88.5
2021-09-09 02:45:00,78.5
2021-09-09 03:00:00,82.0
2021-09-09 03:15:00,81.2
2021-09-09 03:30:00,90.0
2021-09-09 03:45:00,83.9
2021-09-09 04:00:00,74.9
2021-09-09 04:15:00,79.1
2021-09-09 04:30:00,89.3
2021-09-09 04:45:00,86.8
2021-09-09 05:00:00,93.5
2021-09-09 05:15:00,86.8
2021-09-09 05:30:00,85.7
2021-09-09 05:45:00,77.7
2021-09-09 06:00:00,59.0
2021-09-09 06:15:00,70.0
2021-09-09 06:30:00,77.5
2021-09-09 06:45:00,80.4
2021-09-09 07:00:00,68.1
2021-09-09 07:15:00,77.0
2021-09-09 07:30:00,74.4
2021-09-09 07:45:00,74.8
2021-09-09 08:00:00,72.6
2021-09-09 08:15:00,71.9
2021-09-09 08:30:00,73.7
2021-09-09 08:45:00,74.6
2021-09-09 09:00:00,74.6
2021-09-09 09:15:00,73.5
2021-09-09 09:30:00,72.8
2021-09-09 09:45:00,72.7
2021-09-09 10:00:00,73.5
2021-09-09 10:15:00,74.6
2021-09-09 10:30:00,69.9
2021-09-09 10:45:00,69.9
2021-09-09 11:00:00,70.9
2021-09-09 11:15:00,71.7
2021-09-09 11:30:00,70.8
2021-09-09 11:45:00,70.7
2021-09-09 12:00:00,70.3
2021-09-09 12:15:00,69.4
2021-09-09 12:30:00,70.0
2021-09-09 12:45:00,71.9
2021-09-09 13:00:00,71.6
2021-09-09 13:15:00,69.7
2021-09-09 13:30:00,69.5
2021-09-09 13:45:00,71.2
2021-09-09 14:00:00,68.4
2021-09-09 14:15:00,67.4
2021-09-09 14:30:00,69.0
2021-09-09 14:45:00,68.7
2021-09-09 15:00:00,79.8
2021-09-09 15:15:00,78.5
2021-09-09 15:30:00,78.3
2021-09-09 15:45:00,75.8
2021-09-09 16:00:00,108
2021-09-09 16:15:00,
2021-09-09 16:30:00,
2021-09-09 16:45:00,78.9
2021-09-09 17:00:00,79.0
2021-09-09 17:15:00,80.8
2021-09-09 17:30:00,82.6
2021-09-09 17:45:00,90.6
2021-09-09 18:00:00,87.6
2021-09-09 18:15:00,84.8
2021-09-09 18:30:00,78.3
2021-09-09 18:45:00,92.0
2021-09-09 19:00:00,89.1
2021-09-09 19:15:00,80.5
2021-09-09 19:30:00,77.7
2021-09-09 19:45:00,84.0
2021-09-09 20:00:00,89.2
2021-09-09 20:15:00,95.8
2021-09-09 20:30:00,90.5
2021-09-09 20:45:00,83.0
2021-09-09 21:00:00,80.4
2021-09-09 21:15:00,84.1
2021-09-09 21:30:00,82.8
2021-09-09 21:45:00,93.9
2021-09-09 22:00:00,93.0
2021-09-09 22:15:00,88.8
2021-09-09 22:30:00,98.6
2021-09-09 22:45:00,94.2
2021-09-09 23:00:00,89.2
2021-09-09 23:15:00,80.1
2021-09-09 23:30:00,90.3
2021-09-09 23:45:00,89.2
2021-09-10 00:00:00,80.3
2021-09-10 00:15:00,76.9
2021-09-10 00:30:00,80.7
2021-09-10 00:45:00,95.8
2021-09-10 01:00:00,74.8
2021-09-10 01:15:00,73.2
2021-09-10 01:30:00,74.4
2021-09-10 01:45:00,73.9
2021-09-10 02:00:00,74.1
2021-09-10 02:15:00,76.0
2021-09-10 02:30:00,78.3
2021-09-10 02:45:00,80.6
2021-09-10 03:00:00,76.8
2021-09-10 03:15:00,74.8
2021-09-10 03:30:00,74.9
2021-09-10 03:45:00,71.9
2021-09-10 04:00:00,74.9
2021-09-10 04:15:00,74.7
2021-09-10 04:30:00,92.5
2021-09-10 04:45:00,76.8
2021-09-10 05:00:00,76.5
2021-09-10 05:15:00,88.8
2021-09-10 05:30:00,83.9
2021-09-10 05:45:00,82.4
2021-09-10 06:00:00,85.5
2021-09-10 06:15:00,84.5
2021-09-10 06:30:00,84.9
2021-09-10 06:45:00,82.4
2021-09-10 07:00:00,84.7
2021-09-10 07:15:00,84.7
2021-09-10 07:30:00,84.9
2021-09-10 07:45:00,95.0
2021-09-10 08:00:00,76.5
2021-09-10 08:15:00,72.6
2021-09-10 08:30:00,71.6
2021-09-10 08:45:00,73.3
2021-09-10 09:00:00,73.8
2021-09-10 09:15:00,72.0
2021-09-10 09:30:00,71.0
2021-09-10 09:45:00,68.7
2021-09-10 10:00:00,68.1
2021-09-10 10:15:00,68.5
2021-09-10 10:30:00,69.3
2021-09-10 10:45:00,70.2
2021-09-10 11:00:00,71.2
2021-09-10 11:15:00,71.3
2021-09-10 11:30:00,69.8
2021-09-10 11:45:00,65.4
2021-09-10 12:00:00,67.3
2021-09-10 12:15:00,68.9
2021-09-10 12:30:00,70.5
2021-09-10 12:45:00,71.5
2021-09-10 13:00:00,69.5
2021-09-10 13:15:00,70.6
2021-09-10 13:30:00,71.1
2021-09-10 13:45:00,69.3
2021-09-10 14:00:00,70.5
2021-09-10 14:15:00,68.1
2021-09-10 14:30:00,66.2
2021-09-10 14:45:00,66.8
2021-09-10 15:00:00,68.6
2021-09-10 15:15:00,69.8
2021-09-10 15:30:00,68.5
2021-09-10 15:45:00,78.7
2021-09-10 16:00:00,
2021-09-10 16:15:00,
2021-09-10 16:30:00,
2021-09-10 16:45:00,76.0
2021-09-10 17:00:00,85.2
2021-09-10 17:15:00,83.0
2021-09-10 17:30:00,82.0
2021-09-10 17:45:00,86.7
2021-09-10 18:00:00,77.4
2021-09-10 18:15:00,86.4
2021-09-10 18:30:00,80.2
2021-09-10 18:45:00,79.4
2021-09-10 19:00:00,80.6
2021-09-10 19:15:00,76.9
2021-09-10 19:30:00,83.3
2021-09-10 19:45:00,79.2
2021-09-10 20:00:00,86.7
2021-09-10 20:15:00,79.9
2021-09-10 20:30:00,86.5
2021-09-10 20:45:00,83.9
2021-09-10 21:00:00,86.9
2021-09-10 21:15:00,77.9
2021-09-10 21:30:00,78.6
2021-09-10 21:45:00,79.1
2021-09-10 22:00:00,87.8
2021-09-10 22:15:00,86.4
2021-09-10 22:30:00,79.5
2021-09-10 22:45:00,86.0
2021-09-10 23:00:00,90.2
2021-09-10 23:15:00,86.3
2021-09-10 23:30:00,84.7
2021-09-10 23:45:00,84.0
2021-09-11 00:00:00,89.4
2021-09-11 00:15:00,80.0
2021-09-11 00:30:00,80.6
2021-09-11 00:45:00,81.4
2021-09-11 01:00:00,75.0
2021-09-11 01:15:00,73.6
2021-09-11 01:30:00,68.5
2021-09-11 01:45:00,69.5
2021-09-11 02:00:00,70.4
2021-09-11 02:15:00,73.4
2021-09-11 02:30:00,80.7
2021-09-11 02:45:00,80.3
2021-09-11 03:00:00,77.1
2021-09-11 03:15:00,82.7
2021-09-11 03:30:00,93.8
2021-09-11 03:45:00,90.1
2021-09-11 04:00:00,70.9
2021-09-11 04:15:00,90.0
2021-09-11 04:30:00,89.9
2021-09-11 04:45:00,110
2021-09-11 05:00:00,83.3
2021-09-11 05:15:00,90.1
2021-09-11 05:30:00,89.7
2021-09-11 05:45:00,87.4
2021-09-11 06:00:00,94.4
2021-09-11 06:15:00,101
2021-09-11 06:30:00,82.4
2021-09-11 06:45:00,85.6
2021-09-11 07:00:00,82.7
2021-09-11 07:15:00,77.4
2021-09-11 07:30:00,84.0
2021-09-11 07:45:00,88.6
2021-09-11 08:00:00,81.2
2021-09-11 08:15:00,75.5
2021-09-11 08:30:00,76.0
2021-09-11 08:45:00,76.7
2021-09-11 09:00:00,77.0
2021-09-11 09:15:00,75.9
2021-09-11 09:30:00,75.3
2021-09-11 09:45:00,72.0
2021-09-11 10:00:00,74.5
2021-09-11 10:15:00,74.7
2021-09-11 10:30:00,75.0
2021-09-11 10:45:00,76.3
2021-09-11 11:00:00,74.0
2021-09-11 11:15:00,75.4
2021-09-11 11:30:00,77.3
2021-09-11 11:45:00,80.2
2021-09-11 12:00:00,78.7
2021-09-11 12:15:00,79.4
2021-09-11 12:30:00,76.7
2021-09-11 12:45:00,74.0
2021-09-11 13:00:00,74.9
2021-09-11 13:15:00,75.3
2021-09-11 13:30:00,74.5
2021-09-11 13:45:00,73.9
2021-09-11 14:00:00,74.1
2021-09-11 14:15:00,74.7
2021-09-11 14:30:00,72.4
2021-09-11 14:45:00,70.2
2021-09-11 15:00:00,72.9
2021-09-11 15:15:00,72.6
2021-09-11 15:30:00,71.3
2021-09-11 15:45:00,72.9
2021-09-11 16:00:00,74.9
2021-09-11 16:15:00,74.7
2021-09-11 16:30:00,75.8
2021-09-11 16:45:00,85.4
2021-09-11 17:00:00,86.3
2021-09-11 17:15:00,76.3
2021-09-11 17:30:00,76.2
2021-09-11 17:45:00,82.3
2021-09-11 18:00:00,
2021-09-11 18:15:00,
2021-09-11 18:30:00,
2021-09-11 18:45:00,
2021-09-11 19:00:00,93.9
2021-09-11 19:15:00,88.3
2021-09-11 19:30:00,82.4
2021-09-11 19:45:00,86.9
2021-09-11 20:00:00,85.3
2021-09-11 20:15:00,83.4
2021-09-11 20:30:00,85.5
2021-09-11 20:45:00,85.7
2021-09-11 21:00:00,85.6
2021-09-11 21:15:00,82.6
2021-09-11 21:30:00,82.4
2021-09-11 21:45:00,85.1
2021-09-11 22:00:00,79.5
2021-09-11 22:15:00,81.1
2021-09-11 22:30:00,82.0
2021-09-11 22:45:00,89.5
2021-09-11 23:00:00,89.0
2021-09-11 23:15:00,84.2
2021-09-11 23:30:00,80.8
2021-09-11 23:45:00,84.0
2021-09-12 00:00:00,85.4
2021-09-12 00:15:00,81.6
2021-09-12 00:30:00,83.0
2021-09-12 00:45:00,81.9
2021-09-12 01:00:00,84.7
2021-09-12 01:15:00,81.9
2021-09-12 01:30:00,80.0
2021-09-12 01:45:00,83.8
2021-09-12 02:00:00,94.9
2021-09-12 02:15:00,92.7
2021-09-12 02:30:00,84.8
2021-09-12 02:45:00,91.4
2021-09-12 03:00:00,80.6
2021-09-12 03:15:00,82.1
2021-09-12 03:30:00,86.1
2021-09-12 03:45:00,85.0
2021-09-12 04:00:00,85.2
2021-09-12 04:15:00,87.4
2021-09-12 04:30:00,84.6
2021-09-12 04:45:00,85.7
2021-09-12 05:00:00,85.1
2021-09-12 05:15:00,86.0
2021-09-12 05:30:00,87.0
2021-09-12 05:45:00,88.0
2021-09-12 06:00:00,85.0
2021-09-12 06:15:00,82.3
2021-09-12 06:30:00,77.9
2021-09-12 06:45:00,74.0
2021-09-12 07:00:00,74.4
2021-09-12 07:15:00,77.2
2021-09-12 07:30:00,73.7
2021-09-12 07:45:00,74.3
2021-09-12 08:00:00,76.2
2021-09-12 08:15:00,78.2
2021-09-12 08:30:00,78.7
2021-09-12 08:45:00,74.2
2021-09-12 09:00:00,74.2
2021-09-12 09:15:00,74.4
2021-09-12 09:30:00,73.7
2021-09-12 09:45:00,73.1
2021-09-12 10:00:00,73.0
2021-09-12 10:15:00,73.5
2021-09-12 10:30:00,70.0
2021-09-12 10:45:00,70.2
2021-09-12 11:00:00,71.8
2021-09-12 11:15:00,72.1
2021-09-12 11:30:00,71.4
2021-09-12 11:45:00,71.9
2021-09-12 12:00:00,71.9
2021-09-12 12:15:00,72.6
2021-09-12 12:30:00,71.0
2021-09-12 12:45:00,70.5
2021-09-12 13:00:00,69.3
2021-09-12 13:15:00,69.8
2021-09-12 13:30:00,67.4
2021-09-12 13:45:00,67.5
2021-09-12 14:00:00,65.7
2021-09-12 14:15:00,67.8
2021-09-12 14:30:00,68.2
2021-09-12 14:45:00,70.6
2021-09-12 15:00:00,70.7
2021-09-12 15:15:00,71.0
2021-09-12 15:30:00,74.8
2021-09-12 15:45:00,84.8
2021-09-12 16:00:00,90.1
2021-09-12 16:15:00,80.0
2021-09-12 16:30:00,84.9
2021-09-12 16:45:00,87.9
2021-09-12 17:00:00,83.5
2021-09-12 17:15:00,78.0
2021-09-12 17:30:00,75.0
2021-09-12 17:45:00,75.2
2021-09-12 18:00:00,87.6
2021-09-12 18:15:00,
2021-09-12 18:30:00,
2021-09-12 18:45:00,
2021-09-12 19:00:00,80.9
2021-09-12 19:15:00,85.2
2021-09-12 19:30:00,89.5
2021-09-12 19:45:00,87.3
2021-09-12 20:00:00,92.3
2021-09-12 20:15:00,97.6
2021-09-12 20:30:00,85.3
2021-09-12 20:45:00,101
2021-09-12 21:00:00,83.0
2021-09-12 21:15:00,89.7
2021-09-12 21:30:00,80.3
2021-09-12 21:45:00,83.3
2021-09-12 22:00:00,81.2
2021-09-12 22:15:00,84.0
2021-09-12 22:30:00,96.3
2021-09-12 22:45:00,92.5
2021-09-12 23:00:00,77.9
2021-09-12 23:15:00,81.0
2021-09-12 23:30:00,79.5
2021-09-12 23:45:00,88.0
2021-09-13 00:00:00,83.1
2021-09-13 00:15:00,88.4
2021-09-13 00:30:00,85.2
2021-09-13 00:45:00,84.3
2021-09-13 01:00:00,88.4
2021-09-13 01:15:00,91.0
2021-09-13 01:30:00,91.5
2021-09-13 01:45:00,95.9
2021-09-13 02:00:00,98.2
2021-09-13 02:15:00,92.7
2021-09-13 02:30:00,86.2
2021-09-13 02:45:00,88.9
2021-09-13 03:00:00,89.6
2021-09-13 03:15:00,88.5
2021-09-13 03:30:00,86.5
2021-09-13 03:45:00,89.1
2021-09-13 04:00:00,96.6
2021-09-13 04:15:00,93.3
2021-09-13 04:30:00,106
2021-09-13 04:45:00,86.8
2021-09-13 05:00:00,88.3
2021-09-13 05:15:00,90.8
2021-09-13 05:30:00,99.8
2021-09-13 05:45:00,94.3
2021-09-13 06:00:00,93.2
2021-09-13 06:15:00,91.3
2021-09-13 06:30:00,78.3
2021-09-13 06:45:00,80.4
2021-09-13 07:00:00,81.2
2021-09-13 07:15:00,79.0
2021-09-13 07:30:00,78.6
2021-09-13 07:45:00,77.5
2021-09-13 08:00:00,78.4
2021-09-13 08:15:00,74.7
2021-09-13 08:30:00,73.5
2021-09-13 08:45:00,74.7
2021-09-13 09:00:00,77.7
2021-09-13 09:15:00,76.0
2021-09-13 09:30:00,74.0
2021-09-13 09:45:00,73.7
2021-09-13 10:00:00,74.5
2021-09-13 10:15:00,74.3
2021-09-13 10:30:00,69.5
2021-09-13 10:45:00,71.3
2021-09-13 11:00:00,70.1
2021-09-13 11:15:00,70.1
2021-09-13 11:30:00,69.5
2021-09-13 11:45:00,70.4
2021-09-13 12:00:00,71.2
2021-09-13 12:15:00,71.5
2021-09-13 12:30:00,74.0
2021-09-13 12:45:00,118
2021-09-13 13:00:00,104
2021-09-13 13:15:00,77.4
2021-09-13 13:30:00,73.3
2021-09-13 13:45:00,75.6
2021-09-13 14:00:00,96.0
2021-09-13 14:15:00,77.1
2021-09-13 14:30:00,77.2
2021-09-13 14:45:00,89.7
2021-09-13 15:00:00,87.5
2021-09-13 15:15:00,76.8
2021-09-13 15:30:00,
2021-09-13 15:45:00,
2021-09-13 16:00:00,
2021-09-13 16:15:00,
2021-09-13 16:30:00,
2021-09-13 16:45:00,108
2021-09-13 17:00:00,86.6
2021-09-13 17:15:00,78.0
2021-09-13 17:30:00,82.8
2021-09-13 17:45:00,84.7
2021-09-13 18:00:00,87.0
2021-09-13 18:15:00,81.7
2021-09-13 18:30:00,78.7
2021-09-13 18:45:00,90.6
2021-09-13 19:00:00,84.8
2021-09-13 19:15:00,77.4
2021-09-13 19:30:00,103
2021-09-13 19:45:00,90.1
2021-09-13 20:00:00,93.9
2021-09-13 20:15:00,86.2
2021-09-13 20:30:00,83.8
2021-09-13 20:45:00,90.1
2021-09-13 21:00:00,89.0
2021-09-13 21:15:00,84.9
2021-09-13 21:30:00,82.4
2021-09-13 21:45:00,87.9
2021-09-13 22:00:00,87.6
2021-09-13 22:15:00,95.6
2021-09-13 22:30:00,97.3
2021-09-13 22:45:00,95.5
2021-09-13 23:00:00,100
2021-09-13 23:15:00,100
2021-09-13 23:30:00,90.4
2021-09-13 23:45:00,86.6
2021-09-14 00:00:00,95.8
2021-09-14 00:15:00,87.6
2021-09-14 00:30:00,82.4
2021-09-14 00:45:00,75.7
2021-09-14 01:00:00,79.3
2021-09-14 01:15:00,79.2
2021-09-14 01:30:00,78.9
2021-09-14 01:45:00,79.2
2021-09-14 02:00:00,80.2
2021-09-14 02:15:00,77.5
2021-09-14 02:30:00,82.3
2021-09-14 02:45:00,84.4
2021-09-14 03:00:00,80.9
2021-09-14 03:15:00,80.8
2021-09-14 03:30:00,95.2
2021-09-14 03:45:00,88.1
2021-09-14 04:00:00,74.5
2021-09-14 04:15:00,83.0
2021-09-14 04:30:00,89.1
2021-09-14 04:45:00,89.8
2021-09-14 05:00:00,85.9
2021-09-14 05:15:00,91.0
2021-09-14 05:30:00,92.4
2021-09-14 05:45:00,96.7
2021-09-14 06:00:00,83.8
2021-09-14 06:15:00,85.7
2021-09-14 06:30:00,83.5
2021-09-14 06:45:00,84.2
2021-09-14 07:00:00,82.9
2021-09-14 07:15:00,82.3
2021-09-14 07:30:00,80.6
2021-09-14 07:45:00,86.7
2021-09-14 08:00:00,80.2
2021-09-14 08:15:00,74.9
2021-09-14 08:30:00,75.4
2021-09-14 08:45:00,75.8
2021-09-14 09:00:00,75.9
2021-09-14 09:15:00,75.8
2021-09-14 09:30:00,75.7
2021-09-14 09:45:00,75.6
2021-09-14 10:00:00,73.6
2021-09-14 10:15:00,73.0
2021-09-14 10:30:00,72.1
2021-09-14 10:45:00,73.1
2021-09-14 11:00:00,72.1
2021-09-14 11:15:00,72.2
2021-09-14 11:30:00,71.6
2021-09-14 11:45:00,72.8
2021-09-14 12:00:00,73.1
2021-09-14 12:15:00,72.5
2021-09-14 12:30:00,72.5
2021-09-14 12:45:00,69.3
2021-09-14 13:00:00,70.0
2021-09-14 13:15:00,69.9
2021-09-14 13:30:00,69.4
2021-09-14 13:45:00,68.4
2021-09-14 14:00:00,69.9
2021-09-14 14:15:00,69.4
2021-09-14 14:30:00,66.1
2021-09-14 14:45:00,66.6
2021-09-14 15:00:00,70.3
2021-09-14 15:15:00,69.1
2021-09-14 15:30:00,68.1
2021-09-14 15:45:00,
2021-09-14 16:00:00,
2021-09-14 16:15:00,75.6
2021-09-14 16:30:00,86.0
2021-09-14 16:45:00,86.9
2021-09-14 17:00:00,75.1
2021-09-14 17:15:00,75.8
2021-09-14 17:30:00,87.8
2021-09-14 17:45:00,82.1
2021-09-14 18:00:00,81.3
2021-09-14 18:15:00,76.3
2021-09-14 18:30:00,77.4
2021-09-14 18:45:00,78.3
2021-09-14 19:00:00,75.2
2021-09-14 19:15:00,83.6
2021-09-14 19:30:00,90.5
2021-09-14 19:45:00,80.9
2021-09-14 20:00:00,87.6
2021-09-14 20:15:00,83.8
2021-09-14 20:30:00,80.3
2021-09-14 20:45:00,81.2
2021-09-14 21:00:00,88.8
2021-09-14 21:15:00,86.3
2021-09-14 21:30:00,84.2
2021-09-14 21:45:00,83.2
2021-09-14 22:00:00,93.7
2021-09-14 22:15:00,90.1
2021-09-14 22:30:00,90.8
2021-09-14 22:45:00,91.4
2021-09-14 23:00:00,87.6
2021-09-14 23:15:00,94.0
2021-09-14 23:30:00,84.8
2021-09-14 23:45:00,81.8
2021-09-15 00:00:00,81.4
2021-09-15 00:15:00,83.0
2021-09-15 00:30:00,81.1
2021-09-15 00:45:00,85.1
2021-09-15 01:00:00,85.4
2021-09-15 01:15:00,76.7
2021-09-15 01:30:00,76.3
2021-09-15 01:45:00,78.8
2021-09-15 02:00:00,79.3
2021-09-15 02:15:00,78.5
2021-09-15 02:30:00,79.0
2021-09-15 02:45:00,83.9
2021-09-15 03:00:00,81.9
2021-09-15 03:15:00,80.3
2021-09-15 03:30:00,80.2
2021-09-15 03:45:00,79.0
2021-09-15 04:00:00,79.6
2021-09-15 04:15:00,80.4
2021-09-15 04:30:00,82.7
2021-09-15 04:45:00,82.6
2021-09-15 05:00:00,86.2
2021-09-15 05:15:00,89.0
2021-09-15 05:30:00,84.6
2021-09-15 05:45:00,84.6
2021-09-15 06:00:00,85.5
2021-09-15 06:15:00,83.8
2021-09-15 06:30:00,86.9
2021-09-15 06:45:00,84.1
2021-09-15 07:00:00,82.8
2021-09-15 07:15:00,87.4
2021-09-15 07:30:00,81.0
2021-09-15 07:45:00,81.3
2021-09-15 08:00:00,79.2
2021-09-15 08:15:00,80.0
2021-09-15 08:30:00,78.5
2021-09-15 08:45:00,80.4
2021-09-15 09:00:00,81.0
2021-09-15 09:15:00,80.6
2021-09-15 09:30:00,80.6
2021-09-15 09:45:00,80.0
2021-09-15 10:00:00,77.2
2021-09-15 10:15:00,78.4
2021-09-15 10:30:00,79.3
2021-09-15 10:45:00,77.1
2021-09-15 11:00:00,78.6
2021-09-15 11:15:00,79.1
2021-09-15 11:30:00,74.8
2021-09-15 11:45:00,74.1
2021-09-15 12:00:00,73.3
2021-09-15 12:15:00,70.9
2021-09-15 12:30:00,69.4
2021-09-15 12:45:00,69.5
2021-09-15 13:00:00,74.0
2021-09-15 13:15:00,73.0
2021-09-15 13:30:00,74.3
2021-09-15 13:45:00,72.6
2021-09-15 14:00:00,72.9
2021-09-15 14:15:00,73.7
2021-09-15 14:30:00,71.6
2021-09-15 14:45:00,72.6
2021-09-15 15:00:00,70.4
2021-09-15 15:15:00,71.1
2021-09-15 15:30:00,70.5
2021-09-15 15:45:00,70.7
2021-09-15 16:00:00,88.5
2021-09-15 16:15:00,
2021-09-15 16:30:00,
2021-09-15 16:45:00,
2021-09-15 17:00:00,
2021-09-15 17:15:00,
2021-09-15 17:30:00,84.4
2021-09-15 17:45:00,83.3
2021-09-15 18:00:00,87.3
2021-09-15 18:15:00,90.7
2021-09-15 18:30:00,84.3
2021-09-15 18:45:00,86.5
2021-09-15 19:00:00,84.8
2021-09-15 19:15:00,98.6
2021-09-15 19:30:00,83.3
2021-09-15 19:45:00,84.9
2021-09-15 20:00:00,91.3
2021-09-15 20:15:00,84.2
2021-09-15 20:30:00,80.2
2021-09-15 20:45:00,79.4
2021-09-15 21:00:00,81.1
2021-09-15 21:15:00,91.0
2021-09-15 21:30:00,103
2021-09-15 21:45:00,92.3
2021-09-15 22:00:00,83.0
2021-09-15 22:15:00,89.8
2021-09-15 22:30:00,86.3
2021-09-15 22:45:00,93.0
2021-09-15 23:00:00,86.0
2021-09-15 23:15:00,90.0
2021-09-15 23:30:00,91.5
2021-09-15 23:45:00,90.9
2021-09-16 00:00:00,85.6
2021-09-16 00:15:00,87.0
2021-09-16 00:30:00,84.1
2021-09-16 00:45:00,87.0
2021-09-16 01:00:00,82.7
2021-09-16 01:15:00,82.6
2021-09-16 01:30:00,81.3
2021-09-16 01:45:00,80.5
2021-09-16 02:00:00,85.7
2021-09-16 02:15:00,84.6
2021-09-16 02:30:00,83.3
2021-09-16 02:45:00,81.8
2021-09-16 03:00:00,84.4
2021-09-16 03:15:00,82.0
2021-09-16 03:30:00,85.5
2021-09-16 03:45:00,85.7
2021-09-16 04:00:00,86.7
2021-09-16 04:15:00,90.3
2021-09-16 04:30:00,85.3
2021-09-16 04:45:00,90.2
2021-09-16 05:00:00,90.9
2021-09-16 05:15:00,100
2021-09-16 05:30:00,97.4
2021-09-16 05:45:00,92.3
2021-09-16 06:00:00,91.7
2021-09-16 06:15:00,89.7
2021-09-16 06:30:00,90.8
2021-09-16 06:45:00,87.7
2021-09-16 07:00:00,84.6
2021-09-16 07:15:00,82.9
2021-09-16 07:30:00,82.8
2021-09-16 07:45:00,83.1
2021-09-16 08:00:00,83.0
2021-09-16 08:15:00,84.4
2021-09-16 08:30:00,84.1
2021-09-16 08:45:00,78.8
2021-09-16 09:00:00,82.3
2021-09-16 09:15:00,81.7
2021-09-16 09:30:00,82.8
2021-09-16 09:45:00,81.7
2021-09-16 10:00:00,84.1
2021-09-16 10:15:00,84.6
2021-09-16 10:30:00,82.8
2021-09-16 10:45:00,81.5
2021-09-16 11:00:00,78.5
2021-09-16 11:15:00,74.9
2021-09-16 11:30:00,74.3
2021-09-16 11:45:00,73.7
2021-09-16 12:00:00,72.9
2021-09-16 12:15:00,72.9
2021-09-16 12:30:00,74.8
2021-09-16 12:45:00,74.4
2021-09-16 13:00:00,73.4
2021-09-16 13:15:00,73.1
2021-09-16 13:30:00,73.4
2021-09-16 13:45:00,74.2
2021-09-16 14:00:00,73.2
2021-09-16 14:15:00,70.4
2021-09-16 14:30:00,69.8
2021-09-16 14:45:00,71.8
2021-09-16 15:00:00,71.0
2021-09-16 15:15:00,70.4
2021-09-16 15:30:00,71.6
2021-09-16 15:45:00,70.6
2021-09-16 16:00:00,82.6
2021-09-16 16:15:00,
2021-09-16 16:30:00,
2021-09-16 16:45:00,
2021-09-16 17:00:00,84.1
2021-09-16 17:15:00,80.0
2021-09-16 17:30:00,80.1
2021-09-16 17:45:00,82.8
2021-09-16 18:00:00,92.6
2021-09-16 18:15:00,86.1
2021-09-16 18:30:00,82.0
2021-09-16 18:45:00,84.9
2021-09-16 19:00:00,88.5
2021-09-16 19:15:00,87.5
2021-09-16 19:30:00,87.8
2021-09-16 19:45:00,94.0
2021-09-16 20:00:00,84.5
2021-09-16 20:15:00,89.4
2021-09-16 20:30:00,88.5
2021-09-16 20:45:00,89.6
2021-09-16 21:00:00,93.8
2021-09-16 21:15:00,94.1
2021-09-16 21:30:00,90.0
2021-09-16 21:45:00,83.1
2021-09-16 22:00:00,99.0
2021-09-16 22:15:00,101
2021-09-16 22:30:00,81.7
2021-09-16 22:45:00,78.6
2021-09-16 23:00:00,80.5
2021-09-16 23:15:00,89.6
2021-09-16 23:30:00,82.6
2021-09-16 23:45:00,99.2
2021-09-17 00:00:00,96.1
2021-09-17 00:15:00,82.9
2021-09-17 00:30:00,88.7
2021-09-17 00:45:00,78.1
2021-09-17 01:00:00,87.5
2021-09-17 01:15:00,93.2
2021-09-17 01:30:00,97.8
2021-09-17 01:45:00,90.1
2021-09-17 02:00:00,88.4
2021-09-17 02:15:00,90.4
2021-09-17 02:30:00,85.6
2021-09-17 02:45:00,94.6
2021-09-17 03:00:00,78.8
2021-09-17 03:15:00,95.0
2021-09-17 03:30:00,85.8
2021-09-17 03:45:00,88.0
2021-09-17 04:00:00,82.8
2021-09-17 04:15:00,93.8
2021-09-17 04:30:00,84.7
2021-09-17 04:45:00,90.0
2021-09-17 05:00:00,87.5
2021-09-17 05:15:00,91.4
2021-09-17 05:30:00,89.6
2021-09-17 05:45:00,83.5
2021-09-17 06:00:00,88.0
2021-09-17 06:15:00,90.4
2021-09-17 06:30:00,88.0
2021-09-17 06:45:00,92.4
2021-09-17 07:00:00,94.8
2021-09-17 07:15:00,96.5
2021-09-17 07:30:00,82.4
2021-09-17 07:45:00,80.3
2021-09-17 08:00:00,85.1
2021-09-17 08:15:00,86.4
2021-09-17 08:30:00,87.1
2021-09-17 08:45:00,86.9
2021-09-17 09:00:00,84.6
2021-09-17 09:15:00,82.6
2021-09-17 09:30:00,80.0
2021-09-17 09:45:00,80.2
2021-09-17 10:00:00,81.5
2021-09-17 10:15:00,82.1
2021-09-17 10:30:00,80.7
2021-09-17 10:45:00,82.6
2021-09-17 11:00:00,83.9
2021-09-17 11:15:00,80.4
2021-09-17 11:30:00,79.4
2021-09-17 11:45:00,79.6
2021-09-17 12:00:00,83.3
2021-09-17 12:15:00,78.3
2021-09-17 12:30:00,78.8
2021-09-17 12:45:00,83.5
2021-09-17 13:00:00,76.8
2021-09-17 13:15:00,78.1
2021-09-17 13:30:00,79.5
2021-09-17 13:45:00,76.6
2021-09-17 14:00:00,75.6
2021-09-17 14:15:00,76.5
2021-09-17 14:30:00,75.3
2021-09-17 14:45:00,73.7
2021-09-17 15:00:00,74.8
2021-09-17 15:15:00,72.4
2021-09-17 15:30:00,71.1
2021-09-17 15:45:00,71.6
2021-09-17 16:00:00,74.0
2021-09-17 16:15:00,73.0
2021-09-17 16:30:00,72.6
2021-09-17 16:45:00,82.1
2021-09-17 17:00:00,82.6
2021-09-17 17:15:00,79.6
2021-09-17 17:30:00,83.6
2021-09-17 17:45:00,85.8
2021-09-17 18:00:00,82.7
2021-09-17 18:15:00,82.3
2021-09-17 18:30:00,83.2
2021-09-17 18:45:00,82.5
2021-09-17 19:00:00,80.6
2021-09-17 19:15:00,76.3
2021-09-17 19:30:00,90.1
2021-09-17 19:45:00,
2021-09-17 20:00:00,
2021-09-17 20:15:00,
2021-09-17 20:30:00,
2021-09-17 20:45:00,
2021-09-17 21:00:00,
2021-09-17 21:15:00,
2021-09-17 21:30:00,
2021-09-17 21:45:00,
2021-09-17 22:00:00,
2021-09-17 22:15:00,
2021-09-17 22:30:00,
2021-09-17 22:45:00,
2021-09-17 23:00:00,87.7
2021-09-17 23:15:00,90.1
2021-09-17 23:30:00,86.8
2021-09-17 23:45:00,85.1
2021-09-18 00:00:00,87.1
2021-09-18 00:15:00,83.9
2021-09-18 00:30:00,82.4
2021-09-18 00:45:00,80.8
2021-09-18 01:00:00,78.9
2021-09-18 01:15:00,84.1
2021-09-18 01:30:00,86.2
2021-09-18 01:45:00,82.2
2021-09-18 02:00:00,84.8
2021-09-18 02:15:00,84.1
2021-09-18 02:30:00,83.0
2021-09-18 02:45:00,74.6
2021-09-18 03:00:00,77.4
2021-09-18 03:15:00,83.8
2021-09-18 03:30:00,85.4
2021-09-18 03:45:00,92.7
2021-09-18 04:00:00,87.6
2021-09-18 04:15:00,86.2
2021-09-18 04:30:00,100
2021-09-18 04:45:00,87.9
2021-09-18 05:00:00,90.7
2021-09-18 05:15:00,94.9
2021-09-18 05:30:00,94.9
2021-09-18 05:45:00,90.7
2021-09-18 06:00:00,88.8
2021-09-18 06:15:00,87.6
2021-09-18 06:30:00,88.9
2021-09-18 06:45:00,87.7
2021-09-18 07:00:00,87.4
2021-09-18 07:15:00,84.6
2021-09-18 07:30:00,88.7
2021-09-18 07:45:00,82.3
2021-09-18 08:00:00,86.0
2021-09-18 08:15:00,86.1
2021-09-18 08:30:00,87.7
2021-09-18 08:45:00,90.2
2021-09-18 09:00:00,90.0
2021-09-18 09:15:00,88.5
2021-09-18 09:30:00,85.8
2021-09-18 09:45:00,85.5
2021-09-18 10:00:00,83.2
2021-09-18 10:15:00,80.1
2021-09-18 10:30:00,84.2
2021-09-18 10:45:00,82.2
2021-09-18 11:00:00,81.1
2021-09-18 11:15:00,81.3
2021-09-18 11:30:00,82.3
2021-09-18 11:45:00,85.6
2021-09-18 12:00:00,83.4
2021-09-18 12:15:00,80.3
2021-09-18 12:30:00,80.1
2021-09-18 12:45:00,79.3
2021-09-18 13:00:00,78.8
2021-09-18 13:15:00,76.8
2021-09-18 13:30:00,76.6
2021-09-18 13:45:00,74.9
2021-09-18 14:00:00,76.5
2021-09-18 14:15:00,76.6
2021-09-18 14:30:00,71.4
2021-09-18 14:45:00,71.4
2021-09-18 15:00:00,73.8
2021-09-18 15:15:00,70.8
2021-09-18 15:30:00,69.0
2021-09-18 15:45:00,68.9
2021-09-18 16:00:00,68.9
2021-09-18 16:15:00,68.4
2021-09-18 16:30:00,83.5
2021-09-18 16:45:00,82.5
2021-09-18 17:00:00,75.2
2021-09-18 17:15:00,74.6
2021-09-18 17:30:00,77.3
2021-09-18 17:45:00,85.6
2021-09-18 18:00:00,
2021-09-18 18:15:00,
2021-09-18 18:30:00,
2021-09-18 18:45:00,91.0
2021-09-18 19:00:00,84.3
2021-09-18 19:15:00,83.4
2021-09-18 19:30:00,80.5
2021-09-18 19:45:00,76.6
2021-09-18 20:00:00,77.3
2021-09-18 20:15:00,76.1
2021-09-18 20:30:00,81.8
2021-09-18 20:45:00,78.1
2021-09-18 21:00:00,72.0
2021-09-18 21:15:00,73.2
2021-09-18 21:30:00,80.9
2021-09-18 21:45:00,80.2
2021-09-18 22:00:00,76.4
2021-09-18 22:15:00,75.2
2021-09-18 22:30:00,72.6
2021-09-18 22:45:00,83.0
2021-09-18 23:00:00,80.6
2021-09-18 23:15:00,81.5
2021-09-18 23:30:00,80.9
2021-09-18 23:45:00,78.4
2021-09-19 00:00:00,80.4
2021-09-19 00:15:00,87.7
2021-09-19 00:30:00,78.6
2021-09-19 00:45:00,78.6
2021-09-19 01:00:00,79.8
2021-09-19 01:15:00,83.0
2021-09-19 01:30:00,82.7
2021-09-19 01:45:00,78.8
2021-09-19 02:00:00,77.2
2021-09-19 02:15:00,76.9
2021-09-19 02:30:00,75.9
2021-09-19 02:45:00,78.6
2021-09-19 03:00:00,81.9
2021-09-19 03:15:00,79.7
2021-09-19 03:30:00,78.0
2021-09-19 03:45:00,77.4
2021-09-19 04:00:00,81.1
2021-09-19 04:15:00,77.3
2021-09-19 04:30:00,89.3
2021-09-19 04:45:00,87.4
2021-09-19 05:00:00,77.3
2021-09-19 05:15:00,80.4
2021-09-19 05:30:00,84.7
2021-09-19 05:45:00,83.2
2021-09-19 06:00:00,84.1
2021-09-19 06:15:00,84.6
2021-09-19 06:30:00,89.9
2021-09-19 06:45:00,79.9
2021-09-19 07:00:00,84.2
2021-09-19 07:15:00,83.4
2021-09-19 07:30:00,85.4
2021-09-19 07:45:00,79.9
2021-09-19 08:00:00,84.5
2021-09-19 08:15:00,79.2
2021-09-19 08:30:00,76.3
2021-09-19 08:45:00,81.8
2021-09-19 09:00:00,83.1
2021-09-19 09:15:00,83.5
2021-09-19 09:30:00,84.5
2021-09-19 09:45:00,78.5
2021-09-19 10:00:00,79.1
2021-09-19 10:15:00,78.9
2021-09-19 10:30:00,78.1
2021-09-19 10:45:00,78.8
2021-09-19 11:00:00,74.3
2021-09-19 11:15:00,69.3
2021-09-19 11:30:00,70.8
2021-09-19 11:45:00,70.4
2021-09-19 12:00:00,72.2
2021-09-19 12:15:00,73.2
2021-09-19 12:30:00,73.8
2021-09-19 12:45:00,72.9
2021-09-19 13:00:00,73.0
2021-09-19 13:15:00,72.8
2021-09-19 13:30:00,69.0
2021-09-19 13:45:00,70.5
2021-09-19 14:00:00,70.3
2021-09-19 14:15:00,68.8
2021-09-19 14:30:00,68.4
2021-09-19 14:45:00,69.3
2021-09-19 15:00:00,73.3
2021-09-19 15:15:00,73.8
2021-09-19 15:30:00,73.5
2021-09-19 15:45:00,74.9
2021-09-19 16:00:00,72.5
2021-09-19 16:15:00,74.0
2021-09-19 16:30:00,76.7
2021-09-19 16:45:00,87.3
2021-09-19 17:00:00,79.7
2021-09-19 17:15:00,77.6
2021-09-19 17:30:00,77.5
2021-09-19 17:45:00,79.5
2021-09-19 18:00:00,
2021-09-19 18:15:00,
2021-09-19 18:30:00,
2021-09-19 18:45:00,
2021-09-19 19:00:00,81.3
2021-09-19 19:15:00,77.1
2021-09-19 19:30:00,80.9
2021-09-19 19:45:00,80.9
2021-09-19 20:00:00,82.5
2021-09-19 20:15:00,86.0
2021-09-19 20:30:00,87.3
2021-09-19 20:45:00,86.7
2021-09-19 21:00:00,81.7
2021-09-19 21:15:00,83.4
2021-09-19 21:30:00,81.4
2021-09-19 21:45:00,83.5
2021-09-19 22:00:00,80.4
2021-09-19 22:15:00,80.1
2021-09-19 22:30:00,79.3
2021-09-19 22:45:00,83.8
2021-09-19 23:00:00,92.5
2021-09-19 23:15:00,90.7
2021-09-19 23:30:00,93.8
2021-09-19 23:45:00,86.5
2021-09-20 00:00:00,88.0
2021-09-20 00:15:00,91.4
2021-09-20 00:30:00,93.2
2021-09-20 00:45:00,81.3
2021-09-20 01:00:00,83.0
2021-09-20 01:15:00,89.8
2021-09-20 01:30:00,86.8
2021-09-20 01:45:00,85.8
2021-09-20 02:00:00,79.0
2021-09-20 02:15:00,86.9
2021-09-20 02:30:00,85.7
2021-09-20 02:45:00,86.9
2021-09-20 03:00:00,80.4
2021-09-20 03:15:00,83.2
2021-09-20 03:30:00,87.5
2021-09-20 03:45:00,104
2021-09-20 04:00:00,99.0
2021-09-20 04:15:00,89.4
2021-09-20 04:30:00,89.3
2021-09-20 04:45:00,88.9
2021-09-20 05:00:00,85.7
2021-09-20 05:15:00,84.0
2021-09-20 05:30:00,89.3
2021-09-20 05:45:00,79.7
2021-09-20 06:00:00,80.2
2021-09-20 06:15:00,83.1

